Student No.,Cohort,College,College Code,Major,Major Code,Minor,Spec,Degree,Status,Load Status,Gender,Country,Governorate,Wellayah,CGPA,Estimated Graduation Year,From HEAC,Admission Category,Birth Date,Actual Graduation Date,Withdrawal,Marital Status,SQU Hostel,Secondary School Percentage,Probation Student
1,2016,Engineering,102,Biology,204.0,Physics,None,1,Inactive,Part-time,Male,Oman,Dhofar,Area4,2.31,2020,No,nan,1996-04-11,2021-05-30,Yes,Married,Yes,98.66,No
2,2016,Arts,103,Mechanical,,Math,B,1,Active,Part-time,Female,Other,Dhofar,Area1,4.0,2021,No,Category2,1996-01-28,2020-05-30,No,Single,Yes,87.53,No
3,2017,Medicine,104,History,203.0,Math,nan,1,Active,Full-time,Female,Other,Dhofar,Area2,2.37,2023,Yes,Category1,1999-03-28,,Yes,Married,Yes,77.87,Yes
4,2016,Engineering,104,International Law,,nan,nan,1,Active,Full-time,Female,Oman,Al Buraimi,Area1,1.53,2022,Yes,Category2,1997-09-13,2021-05-30,Yes,Single,Yes,81.78,Yes
5,2015,Medicine,102,International Law,,Math,B,1,Active,Full-time,Male,Oman,Al Batinah,Area3,1.65,2020,No,Category2,1996-12-20,,No,Single,No,77.41,Yes
6,2019,Law,103,History,202.0,None,B,1,Inactive,Part-time,Female,Oman,Al Batinah,Area2,2.54,2023,Yes,nan,2000-11-30,2020-05-30,No,Single,Yes,96.21,No
7,2018,Law,102,Biology,204.0,Physics,A,1,Inactive,Full-time,Female,Other,Dhofar,Area3,2.4,2020,No,Category3,2000-02-29,2021-05-30,Yes,Married,No,75.11,No
8,2017,Engineering,102,Mechanical,202.0,Chemistry,None,1,Active,Part-time,Male,Other,Al Dakhiliyah,Area4,3.82,2022,Yes,Category3,1999-09-02,2021-05-30,Yes,Married,No,93.0,Yes
9,2016,Arts,102,International Law,205.0,Chemistry,B,1,Active,Full-time,Male,Oman,Dhofar,Area1,2.33,2022,Yes,nan,1996-01-28,2021-05-30,Yes,Married,Yes,95.93,No
10,2017,Science,105,International Law,201.0,nan,A,1,Active,Part-time,Female,Oman,Dhofar,Area1,2.18,2020,Yes,Category1,1996-05-25,,No,Married,Yes,88.81,Yes
11,2018,Arts,102,None,203.0,None,nan,1,Active,Full-time,Female,Oman,Muscat,Area3,1.78,2024,Yes,nan,1999-12-08,,Yes,Single,No,84.34,No
12,2017,Medicine,105,Mechanical,202.0,nan,None,1,Inactive,Full-time,Female,Oman,Al Buraimi,Area1,2.22,2020,Yes,Category3,1995-02-24,2021-05-30,No,Married,No,72.2,Yes
13,2017,Arts,103,None,205.0,Physics,C,1,Inactive,Part-time,Female,Other,Dhofar,Area4,2.19,2022,Yes,Category2,1998-08-03,2021-05-30,No,Single,No,70.06,Yes
14,2017,Arts,105,Mechanical,201.0,Physics,None,1,Inactive,Part-time,Female,Oman,Dhofar,Area3,1.71,2021,No,nan,1997-05-31,2020-05-30,No,Married,Yes,78.8,No
15,2018,Engineering,105,History,,Chemistry,nan,1,Inactive,Part-time,Male,Other,Muscat,Area4,3.58,2020,Yes,nan,1999-01-25,,No,Single,No,75.15,Yes
16,2019,Engineering,105,None,,nan,nan,1,Inactive,Part-time,Male,Oman,Muscat,Area2,3.12,2023,Yes,Category3,2000-09-04,,Yes,Married,Yes,73.93,Yes
17,2018,Engineering,105,Surgery,,Math,nan,1,Inactive,Full-time,Female,Oman,Al Buraimi,Area2,3.97,2024,Yes,Category3,2000-06-06,,No,Married,No,79.91,Yes
18,2016,Medicine,105,Surgery,204.0,None,nan,1,Active,Full-time,Male,Other,Dhofar,Area1,2.4,2022,No,Category2,1996-05-31,,Yes,Married,No,81.96,No
19,2015,Science,105,History,201.0,None,B,1,Active,Part-time,Female,Other,Muscat,Area1,3.59,2022,Yes,Category2,1997-10-18,,No,Single,Yes,91.86,No
20,2019,Engineering,105,History,204.0,Math,C,1,Active,Part-time,Female,Oman,Al Dakhiliyah,Area4,2.42,2020,Yes,Category3,1999-12-15,2021-05-30,Yes,Single,No,97.17,Yes
21,2015,Engineering,102,History,204.0,nan,B,1,Inactive,Part-time,Female,Oman,Dhofar,Area2,3.46,2021,Yes,Category2,1995-06-07,2021-05-30,No,Married,Yes,77.52,No
22,2019,Science,104,Mechanical,205.0,Chemistry,None,1,Active,Part-time,Male,Oman,Dhofar,Area3,3.83,2023,Yes,Category3,1996-04-03,2021-05-30,Yes,Married,Yes,97.14,No
23,2016,Medicine,101,Biology,205.0,nan,None,1,Inactive,Full-time,Female,Oman,Muscat,Area4,2.52,2022,No,Category3,2000-11-04,2020-05-30,Yes,Single,No,87.88,No
24,2016,Engineering,101,Biology,204.0,Chemistry,None,1,Active,Full-time,Female,Other,Muscat,Area2,2.27,2020,No,Category1,1997-12-21,2021-05-30,Yes,Single,No,93.92,No
25,2017,Law,105,Mechanical,201.0,Math,B,1,Active,Full-time,Male,Oman,Muscat,Area4,2.63,2020,No,nan,1995-12-13,2020-05-30,Yes,Single,No,84.74,No
26,2015,Arts,102,History,202.0,Physics,C,1,Active,Part-time,Female,Other,Al Dakhiliyah,Area1,2.03,2022,Yes,nan,2000-09-14,2021-05-30,Yes,Married,Yes,78.47,Yes
27,2019,Arts,101,History,203.0,Chemistry,B,1,Inactive,Full-time,Male,Oman,Al Dakhiliyah,Area1,3.2,2024,Yes,Category3,1997-08-09,2020-05-30,No,Married,No,92.99,No
28,2015,Engineering,104,Surgery,203.0,None,None,1,Active,Part-time,Male,Other,Al Buraimi,Area2,1.68,2022,Yes,nan,1996-10-04,2021-05-30,No,Married,No,97.69,Yes
29,2018,Law,105,None,,Physics,B,1,Inactive,Part-time,Male,Other,Al Batinah,Area3,3.0,2023,Yes,nan,1995-05-12,2021-05-30,Yes,Single,No,93.28,No
30,2017,Law,102,Biology,201.0,nan,nan,1,Active,Full-time,Female,Other,Al Dakhiliyah,Area2,2.28,2022,Yes,nan,1995-07-17,2021-05-30,No,Married,Yes,74.62,No
31,2019,Engineering,103,None,205.0,None,None,1,Active,Full-time,Male,Oman,Al Dakhiliyah,Area3,3.67,2022,Yes,nan,2000-12-11,2021-05-30,No,Married,Yes,87.8,No
32,2018,Law,102,Biology,201.0,None,nan,1,Active,Part-time,Male,Oman,Al Buraimi,Area2,3.44,2023,Yes,Category1,1999-08-11,2020-05-30,No,Married,No,99.49,Yes
33,2018,Law,102,International Law,202.0,Math,B,1,Active,Part-time,Female,Oman,Muscat,Area1,3.22,2021,No,nan,1995-02-02,2020-05-30,Yes,Married,No,70.57,Yes
34,2018,Science,104,Surgery,204.0,None,B,1,Active,Full-time,Female,Oman,Al Batinah,Area3,2.9,2021,No,nan,1999-09-13,2021-05-30,Yes,Single,No,77.44,Yes
35,2018,Medicine,101,History,205.0,Physics,nan,1,Active,Full-time,Female,Other,Dhofar,Area4,3.47,2023,No,Category2,1995-08-02,2021-05-30,Yes,Single,No,76.42,Yes
36,2017,Engineering,101,Mechanical,205.0,Math,None,1,Inactive,Part-time,Male,Oman,Al Batinah,Area3,2.1,2023,Yes,Category1,1998-08-08,2021-05-30,No,Single,Yes,71.98,No
37,2018,Arts,101,International Law,202.0,Physics,nan,1,Inactive,Part-time,Female,Other,Al Dakhiliyah,Area1,3.72,2021,No,Category2,1995-02-13,2020-05-30,Yes,Married,Yes,89.24,Yes
38,2015,Engineering,101,Surgery,204.0,None,C,1,Active,Full-time,Male,Oman,Al Batinah,Area1,3.03,2024,Yes,nan,2000-12-11,2021-05-30,No,Single,No,75.12,No
39,2018,Law,104,International Law,205.0,Math,nan,1,Inactive,Full-time,Female,Other,Muscat,Area3,1.85,2020,Yes,Category2,1999-06-14,2021-05-30,Yes,Single,No,85.02,No
40,2017,Science,102,Biology,205.0,nan,B,1,Inactive,Full-time,Female,Other,Dhofar,Area2,3.18,2020,No,Category1,1996-09-07,,No,Single,Yes,99.98,Yes
41,2015,Law,105,Biology,,Math,A,1,Active,Part-time,Male,Oman,Muscat,Area3,2.32,2023,No,Category2,2000-07-08,2020-05-30,No,Married,No,97.41,No
42,2018,Science,105,None,201.0,Math,B,1,Active,Full-time,Female,Other,Al Dakhiliyah,Area2,2.21,2023,No,Category3,1995-03-10,,Yes,Single,Yes,94.82,Yes
43,2015,Medicine,104,International Law,204.0,Math,B,1,Active,Part-time,Male,Other,Dhofar,Area4,2.14,2020,Yes,Category3,1995-04-28,2020-05-30,No,Single,No,89.45,No
44,2019,Law,104,International Law,202.0,Chemistry,nan,1,Active,Full-time,Male,Other,Muscat,Area4,1.98,2020,Yes,Category1,1995-09-13,2021-05-30,No,Married,Yes,95.8,Yes
45,2019,Engineering,103,Surgery,202.0,None,A,1,Inactive,Full-time,Male,Oman,Al Batinah,Area1,2.79,2024,No,nan,1999-04-07,,No,Married,Yes,97.8,No
46,2015,Law,101,None,203.0,Physics,A,1,Active,Full-time,Male,Other,Dhofar,Area4,3.45,2023,Yes,Category1,1996-05-29,,Yes,Single,No,78.75,Yes
47,2015,Arts,102,History,204.0,None,B,1,Inactive,Full-time,Male,Other,Al Buraimi,Area4,3.21,2021,Yes,Category1,1996-05-29,,Yes,Married,Yes,79.54,No
48,2016,Law,101,History,201.0,None,None,1,Active,Full-time,Female,Oman,Muscat,Area4,1.76,2023,No,Category2,1996-11-05,2021-05-30,Yes,Single,Yes,88.73,Yes
49,2015,Arts,101,History,202.0,Chemistry,C,1,Inactive,Full-time,Female,Other,Muscat,Area3,2.53,2020,Yes,Category3,1999-03-08,2020-05-30,Yes,Single,No,92.76,Yes
50,2016,Arts,105,Surgery,205.0,Chemistry,C,1,Inactive,Part-time,Female,Oman,Dhofar,Area4,3.2,2022,No,Category1,1999-07-28,,No,Single,No,80.38,No
51,2017,Medicine,104,Surgery,203.0,Chemistry,A,1,Inactive,Part-time,Female,Oman,Dhofar,Area1,1.72,2020,Yes,Category3,1995-03-27,2020-05-30,Yes,Married,Yes,96.22,No
52,2019,Arts,103,History,,Physics,B,1,Active,Full-time,Female,Other,Al Dakhiliyah,Area1,1.63,2022,No,Category3,1996-03-22,2021-05-30,Yes,Single,No,75.15,No
53,2017,Engineering,101,None,202.0,nan,C,1,Active,Full-time,Female,Oman,Al Dakhiliyah,Area2,3.98,2023,Yes,Category3,1998-04-01,2020-05-30,No,Single,No,86.42,No
54,2017,Arts,105,History,203.0,Chemistry,B,1,Active,Full-time,Male,Other,Al Buraimi,Area2,1.99,2021,Yes,Category1,1999-12-08,,Yes,Single,No,87.09,Yes
55,2016,Engineering,103,Biology,204.0,nan,A,1,Active,Part-time,Female,Other,Al Batinah,Area3,3.95,2023,No,Category1,2000-10-21,2021-05-30,No,Married,No,78.44,Yes
56,2019,Medicine,102,Surgery,,None,B,1,Active,Part-time,Female,Oman,Muscat,Area1,2.31,2020,No,nan,1998-08-23,2020-05-30,No,Married,Yes,79.57,Yes
57,2016,Engineering,103,Biology,203.0,None,B,1,Inactive,Full-time,Male,Oman,Al Dakhiliyah,Area3,2.73,2024,No,Category1,1996-02-10,2020-05-30,No,Single,No,75.05,No
58,2017,Medicine,105,Mechanical,205.0,Physics,A,1,Inactive,Full-time,Female,Other,Al Batinah,Area3,3.54,2021,Yes,Category3,1995-05-04,2021-05-30,No,Single,Yes,83.38,Yes
59,2016,Engineering,104,Mechanical,202.0,Math,nan,1,Inactive,Full-time,Male,Oman,Al Batinah,Area4,1.96,2021,No,nan,1998-06-22,2020-05-30,No,Married,No,80.26,No
60,2017,Medicine,105,None,203.0,nan,B,1,Inactive,Part-time,Male,Other,Dhofar,Area3,1.64,2022,Yes,Category1,1995-11-15,2021-05-30,No,Single,No,94.61,No
61,2017,Science,105,International Law,203.0,None,A,1,Active,Full-time,Female,Oman,Muscat,Area2,1.99,2020,Yes,Category3,1997-07-20,,Yes,Married,Yes,82.43,No
62,2016,Engineering,103,History,201.0,None,B,1,Inactive,Part-time,Male,Other,Al Batinah,Area3,2.41,2023,No,Category2,1999-01-15,2021-05-30,No,Married,No,78.56,Yes
63,2017,Science,103,None,203.0,Physics,C,1,Inactive,Part-time,Female,Oman,Muscat,Area4,2.48,2020,Yes,Category1,2000-06-06,2020-05-30,No,Married,No,73.98,Yes
64,2015,Law,103,History,,Math,B,1,Active,Part-time,Male,Other,Muscat,Area3,1.71,2020,Yes,Category3,2000-02-25,2021-05-30,Yes,Married,No,98.68,No
65,2019,Law,102,Biology,201.0,Math,None,1,Active,Full-time,Male,Other,Al Batinah,Area4,3.16,2023,Yes,Category2,1997-09-12,2020-05-30,No,Single,Yes,72.2,No
66,2015,Arts,102,None,203.0,Chemistry,C,1,Inactive,Full-time,Male,Oman,Al Batinah,Area4,2.7,2021,No,Category3,1996-02-19,,Yes,Single,Yes,88.16,No
67,2019,Science,105,History,201.0,None,B,1,Active,Full-time,Male,Other,Muscat,Area1,3.72,2023,No,nan,1996-09-15,,No,Single,Yes,99.84,Yes
68,2015,Arts,101,Mechanical,,Chemistry,None,1,Active,Full-time,Male,Oman,Al Batinah,Area2,1.74,2021,No,nan,1995-08-18,,No,Married,No,73.25,Yes
69,2015,Law,103,None,205.0,Physics,nan,1,Active,Full-time,Female,Other,Al Buraimi,Area1,2.31,2020,Yes,nan,1999-12-24,,No,Single,Yes,90.25,Yes
70,2019,Science,105,Biology,204.0,Chemistry,None,1,Inactive,Full-time,Female,Other,Al Buraimi,Area3,2.96,2020,No,Category2,1995-12-23,2021-05-30,Yes,Single,No,74.31,Yes
71,2017,Law,104,Biology,203.0,None,B,1,Inactive,Full-time,Female,Other,Al Dakhiliyah,Area4,1.81,2024,No,nan,1997-06-04,2020-05-30,Yes,Married,No,93.86,No
72,2018,Science,104,History,201.0,Math,B,1,Active,Full-time,Male,Other,Dhofar,Area4,1.93,2023,Yes,Category3,1996-12-24,2020-05-30,No,Married,Yes,91.54,Yes
73,2017,Medicine,104,Surgery,204.0,Physics,A,1,Inactive,Full-time,Male,Other,Al Batinah,Area3,2.85,2022,No,nan,1998-03-09,,No,Single,No,91.31,No
74,2019,Arts,104,International Law,203.0,Math,A,1,Active,Full-time,Male,Oman,Dhofar,Area2,3.58,2024,No,Category2,1996-12-02,,No,Single,Yes,71.82,Yes
75,2018,Science,102,International Law,,Chemistry,C,1,Active,Part-time,Female,Oman,Al Batinah,Area4,3.25,2023,No,Category2,1997-10-28,2021-05-30,Yes,Married,Yes,71.06,No
76,2018,Engineering,102,Biology,202.0,None,nan,1,Inactive,Part-time,Female,Oman,Al Buraimi,Area1,1.53,2020,Yes,Category2,1998-01-19,2021-05-30,No,Married,No,82.03,Yes
77,2018,Engineering,105,Surgery,,None,B,1,Active,Part-time,Female,Other,Muscat,Area4,1.62,2022,No,Category2,1998-09-15,,Yes,Single,No,88.15,Yes
78,2018,Arts,105,History,204.0,nan,C,1,Inactive,Full-time,Female,Other,Al Buraimi,Area2,3.96,2024,Yes,Category1,1995-02-17,,Yes,Married,Yes,75.63,No
79,2018,Engineering,102,History,,nan,B,1,Active,Full-time,Male,Oman,Al Buraimi,Area4,3.94,2021,Yes,nan,1996-02-15,2021-05-30,Yes,Married,Yes,90.55,Yes
80,2017,Law,103,History,202.0,Chemistry,None,1,Inactive,Full-time,Male,Other,Al Dakhiliyah,Area1,3.36,2021,Yes,Category1,1998-06-10,2020-05-30,Yes,Single,No,71.66,No
81,2018,Law,103,History,202.0,Physics,A,1,Active,Full-time,Female,Oman,Muscat,Area3,2.73,2024,Yes,Category1,1997-06-26,2021-05-30,Yes,Married,Yes,80.8,Yes
82,2018,Medicine,104,Biology,204.0,Math,B,1,Active,Part-time,Female,Oman,Al Batinah,Area3,3.29,2024,Yes,Category1,2000-11-19,2020-05-30,No,Single,No,88.71,Yes
83,2018,Law,102,Biology,202.0,None,A,1,Inactive,Part-time,Male,Oman,Dhofar,Area1,2.29,2023,No,nan,1997-04-16,,No,Single,Yes,81.97,Yes
84,2019,Arts,101,History,203.0,nan,B,1,Inactive,Part-time,Female,Other,Al Batinah,Area3,2.83,2020,Yes,Category3,1995-07-07,,Yes,Single,No,96.16,Yes
85,2019,Engineering,101,Surgery,201.0,Chemistry,A,1,Active,Part-time,Female,Oman,Dhofar,Area3,2.11,2020,Yes,Category1,2000-11-12,,No,Married,No,76.68,Yes
86,2015,Medicine,104,Surgery,204.0,Math,nan,1,Inactive,Full-time,Male,Oman,Dhofar,Area3,1.52,2023,No,Category1,1998-10-25,2021-05-30,Yes,Single,Yes,96.61,Yes
87,2015,Engineering,103,None,203.0,Math,nan,1,Active,Full-time,Female,Other,Al Buraimi,Area1,3.69,2022,No,Category3,1998-12-10,2020-05-30,No,Single,Yes,76.0,Yes
88,2018,Science,104,Mechanical,201.0,None,B,1,Active,Full-time,Female,Oman,Dhofar,Area3,3.8,2020,Yes,Category1,2000-05-20,,Yes,Single,Yes,95.8,Yes
89,2019,Law,102,Biology,202.0,Physics,A,1,Inactive,Part-time,Male,Other,Muscat,Area4,2.55,2022,Yes,nan,1999-01-18,2021-05-30,No,Married,Yes,95.23,No
90,2019,Arts,102,Surgery,203.0,nan,A,1,Inactive,Full-time,Female,Oman,Al Buraimi,Area3,2.61,2021,No,nan,2000-07-21,2021-05-30,No,Married,Yes,88.52,No
91,2017,Science,103,Surgery,,None,A,1,Active,Part-time,Male,Other,Dhofar,Area2,3.24,2023,No,Category1,1995-11-29,2020-05-30,Yes,Married,Yes,91.22,No
92,2016,Law,101,Biology,201.0,Physics,C,1,Active,Part-time,Male,Other,Dhofar,Area4,1.81,2024,Yes,Category1,1999-02-02,,No,Single,Yes,91.57,No
93,2018,Engineering,102,Mechanical,203.0,Physics,None,1,Active,Part-time,Male,Oman,Dhofar,Area1,2.14,2022,No,Category1,1998-08-28,2021-05-30,No,Married,No,84.26,No
94,2019,Engineering,104,Biology,205.0,nan,nan,1,Inactive,Full-time,Male,Oman,Al Buraimi,Area4,1.51,2023,No,Category2,1998-03-17,,No,Married,No,97.05,Yes
95,2017,Medicine,101,History,,Chemistry,None,1,Inactive,Part-time,Male,Oman,Dhofar,Area3,3.17,2023,No,nan,1997-01-08,2020-05-30,Yes,Married,Yes,83.43,Yes
96,2015,Law,104,Mechanical,,Physics,C,1,Inactive,Part-time,Male,Other,Muscat,Area3,1.57,2022,Yes,Category3,2000-07-23,2021-05-30,No,Single,No,84.24,Yes
97,2019,Medicine,104,Biology,202.0,nan,None,1,Inactive,Part-time,Female,Oman,Al Dakhiliyah,Area1,3.14,2020,No,nan,1997-01-08,,Yes,Married,Yes,77.79,Yes
98,2017,Medicine,102,History,202.0,Math,C,1,Inactive,Full-time,Male,Oman,Dhofar,Area1,2.91,2024,Yes,nan,2000-08-24,,Yes,Married,Yes,83.71,Yes
99,2015,Medicine,101,Mechanical,204.0,Chemistry,None,1,Inactive,Full-time,Female,Oman,Al Buraimi,Area4,3.3,2024,Yes,Category2,1995-01-07,2020-05-30,No,Married,Yes,90.66,No
100,2016,Medicine,103,Mechanical,205.0,Chemistry,None,1,Active,Full-time,Female,Oman,Al Buraimi,Area2,3.91,2023,No,Category1,2000-03-23,2020-05-30,No,Single,No,80.54,Yes
101,2016,Medicine,103,Mechanical,202.0,Chemistry,B,1,Inactive,Part-time,Male,Other,Al Batinah,Area4,1.94,2022,Yes,Category2,1998-11-18,,Yes,Single,Yes,96.93,No
102,2015,Medicine,105,Mechanical,201.0,nan,A,1,Active,Full-time,Male,Other,Dhofar,Area4,3.73,2021,No,Category1,1998-07-22,,Yes,Married,Yes,79.53,Yes
103,2015,Medicine,101,Biology,205.0,Physics,A,1,Active,Part-time,Male,Other,Al Batinah,Area2,1.88,2020,Yes,Category1,1998-01-16,,Yes,Married,No,89.21,Yes
104,2017,Science,105,Mechanical,205.0,Physics,nan,1,Active,Full-time,Male,Oman,Al Dakhiliyah,Area1,3.4,2021,No,Category3,1997-03-24,2020-05-30,No,Single,Yes,89.02,No
105,2015,Medicine,103,History,205.0,Physics,A,1,Active,Part-time,Female,Oman,Al Batinah,Area3,3.4,2023,No,Category2,2000-10-06,,No,Married,No,75.85,Yes
106,2018,Arts,101,Biology,,Math,B,1,Inactive,Full-time,Male,Other,Al Batinah,Area4,3.53,2021,No,Category3,1998-10-16,2020-05-30,No,Married,Yes,72.07,No
107,2018,Engineering,103,Biology,,Math,C,1,Active,Part-time,Female,Other,Muscat,Area4,2.87,2024,No,Category2,1999-02-12,2020-05-30,No,Married,No,96.24,Yes
108,2019,Science,105,History,,None,nan,1,Active,Full-time,Female,Other,Dhofar,Area1,1.57,2024,Yes,nan,1998-06-04,,No,Married,Yes,74.14,No
109,2016,Law,104,History,,Math,nan,1,Active,Full-time,Male,Oman,Muscat,Area3,3.71,2023,No,Category3,1995-06-29,2020-05-30,Yes,Married,Yes,96.16,Yes
110,2018,Medicine,103,History,204.0,Physics,None,1,Active,Part-time,Male,Other,Dhofar,Area4,1.58,2020,Yes,nan,2000-07-31,2020-05-30,Yes,Single,Yes,79.49,Yes
111,2016,Law,104,History,202.0,Physics,A,1,Inactive,Part-time,Male,Other,Muscat,Area3,1.68,2022,No,Category1,1995-09-14,2020-05-30,No,Single,Yes,77.7,Yes
112,2016,Medicine,104,Surgery,204.0,nan,A,1,Active,Full-time,Female,Other,Al Batinah,Area1,3.91,2021,No,Category3,1997-08-16,,Yes,Single,Yes,94.51,Yes
113,2017,Engineering,103,History,201.0,Math,nan,1,Inactive,Full-time,Female,Other,Al Batinah,Area1,3.3,2023,No,nan,1996-09-11,2020-05-30,No,Single,No,74.64,Yes
114,2019,Arts,102,None,,Math,C,1,Inactive,Part-time,Male,Other,Muscat,Area2,1.92,2023,Yes,Category3,1997-04-03,2020-05-30,No,Single,Yes,98.41,Yes
115,2019,Law,103,Mechanical,204.0,Math,B,1,Active,Full-time,Female,Oman,Muscat,Area1,2.29,2024,Yes,Category2,1998-11-15,2021-05-30,Yes,Married,No,90.85,No
116,2017,Medicine,104,International Law,,Chemistry,nan,1,Active,Full-time,Male,Oman,Dhofar,Area3,2.55,2024,Yes,Category3,1997-02-07,,No,Married,Yes,81.41,No
117,2015,Medicine,101,None,202.0,Math,A,1,Active,Full-time,Female,Oman,Al Dakhiliyah,Area4,1.97,2020,No,nan,1996-10-23,2021-05-30,Yes,Single,Yes,88.85,No
118,2019,Arts,101,Surgery,204.0,nan,None,1,Active,Full-time,Female,Oman,Al Dakhiliyah,Area1,2.28,2020,No,Category3,1996-03-24,2020-05-30,No,Single,Yes,71.26,No
119,2019,Law,104,Biology,203.0,Math,None,1,Active,Full-time,Male,Oman,Dhofar,Area1,3.06,2024,No,Category3,1996-07-23,,No,Married,No,78.12,Yes
120,2018,Medicine,101,Biology,204.0,None,A,1,Inactive,Full-time,Male,Other,Al Buraimi,Area3,1.74,2023,Yes,Category3,1998-02-24,2021-05-30,Yes,Single,Yes,73.03,No
121,2015,Science,102,None,,nan,None,1,Active,Part-time,Female,Other,Muscat,Area4,1.65,2023,Yes,Category1,1999-08-25,2021-05-30,No,Single,No,80.93,No
122,2016,Science,104,Mechanical,,nan,A,1,Active,Full-time,Female,Oman,Al Buraimi,Area1,3.82,2022,Yes,Category2,1998-07-14,2021-05-30,Yes,Married,No,97.89,Yes
123,2015,Law,102,International Law,201.0,nan,C,1,Inactive,Full-time,Female,Oman,Al Batinah,Area3,2.59,2020,No,Category3,1996-10-17,2021-05-30,Yes,Married,Yes,88.49,No
124,2018,Arts,101,Mechanical,203.0,None,A,1,Active,Part-time,Female,Oman,Al Buraimi,Area2,3.29,2023,No,Category1,2000-01-09,2021-05-30,Yes,Single,Yes,86.61,No
125,2018,Law,103,None,203.0,Chemistry,nan,1,Active,Part-time,Male,Oman,Al Buraimi,Area4,1.79,2022,No,nan,2000-02-02,2020-05-30,No,Married,No,86.11,No
126,2016,Arts,105,Mechanical,204.0,nan,B,1,Inactive,Full-time,Female,Other,Al Batinah,Area2,3.64,2024,No,Category1,1997-01-01,2020-05-30,No,Single,No,81.24,Yes
127,2016,Law,105,International Law,203.0,Math,None,1,Active,Full-time,Male,Other,Al Batinah,Area2,3.75,2023,Yes,Category1,2000-06-04,,No,Married,No,88.13,Yes
128,2016,Science,102,Biology,205.0,None,B,1,Inactive,Part-time,Male,Oman,Al Buraimi,Area2,3.18,2021,No,Category1,1998-11-06,,Yes,Married,No,72.88,Yes
129,2017,Engineering,103,Biology,201.0,Math,C,1,Inactive,Part-time,Male,Oman,Muscat,Area4,1.99,2020,Yes,Category1,2000-02-19,2020-05-30,No,Married,No,70.69,Yes
130,2016,Science,105,Mechanical,204.0,Math,C,1,Inactive,Full-time,Male,Other,Al Buraimi,Area4,3.44,2022,No,Category2,1999-05-04,2021-05-30,Yes,Single,No,72.69,Yes
131,2015,Arts,104,None,205.0,Math,C,1,Inactive,Part-time,Female,Oman,Al Batinah,Area4,2.75,2024,Yes,Category1,1996-03-20,,No,Married,Yes,95.48,Yes
132,2018,Engineering,101,Biology,203.0,Chemistry,nan,1,Active,Full-time,Female,Other,Al Dakhiliyah,Area4,3.88,2020,No,Category3,1999-07-28,,Yes,Single,Yes,78.26,No
133,2015,Medicine,105,History,204.0,None,A,1,Inactive,Full-time,Male,Oman,Al Batinah,Area4,2.34,2022,Yes,Category3,1995-09-22,2021-05-30,Yes,Married,No,87.44,No
134,2015,Arts,101,International Law,202.0,Physics,nan,1,Active,Full-time,Female,Other,Al Buraimi,Area1,2.58,2020,Yes,nan,1999-04-29,,No,Married,No,70.92,Yes
135,2016,Science,104,International Law,,Math,None,1,Inactive,Part-time,Male,Other,Al Buraimi,Area1,2.36,2022,Yes,nan,2000-05-04,2020-05-30,Yes,Single,Yes,95.6,Yes
136,2015,Arts,105,None,201.0,Chemistry,nan,1,Inactive,Full-time,Male,Oman,Muscat,Area4,2.73,2021,No,Category3,1996-09-21,,No,Married,Yes,70.18,No
137,2015,Engineering,102,Surgery,,Math,C,1,Active,Full-time,Male,Oman,Al Buraimi,Area2,1.78,2020,No,nan,1997-06-14,,Yes,Single,No,76.91,No
138,2015,Arts,102,Surgery,204.0,Math,nan,1,Active,Full-time,Female,Oman,Dhofar,Area3,3.46,2020,Yes,nan,1998-01-18,,Yes,Single,Yes,84.06,No
139,2017,Arts,102,None,201.0,None,B,1,Active,Part-time,Female,Oman,Muscat,Area2,3.66,2023,Yes,Category1,1997-06-16,,No,Single,No,94.4,Yes
140,2018,Medicine,105,Surgery,202.0,nan,nan,1,Inactive,Part-time,Female,Oman,Al Batinah,Area3,3.24,2020,No,nan,1998-10-02,2020-05-30,No,Married,No,79.46,No
141,2016,Law,102,History,202.0,None,nan,1,Active,Full-time,Female,Other,Dhofar,Area2,2.85,2021,Yes,nan,1998-12-20,,No,Married,Yes,79.81,Yes
142,2016,Law,102,International Law,,None,B,1,Active,Full-time,Female,Oman,Al Dakhiliyah,Area1,3.88,2023,Yes,nan,1995-09-22,,Yes,Single,No,72.17,Yes
143,2018,Medicine,104,Biology,204.0,nan,nan,1,Active,Part-time,Male,Oman,Al Buraimi,Area2,3.62,2022,Yes,Category3,1995-08-24,2021-05-30,Yes,Single,Yes,84.47,Yes
144,2018,Law,102,History,202.0,Math,B,1,Inactive,Part-time,Male,Oman,Al Dakhiliyah,Area4,1.59,2020,Yes,nan,1996-08-22,,No,Married,Yes,73.99,No
145,2019,Science,101,Surgery,201.0,None,B,1,Inactive,Full-time,Female,Other,Al Buraimi,Area1,3.83,2023,No,Category2,1997-01-08,2021-05-30,Yes,Single,Yes,71.29,No
146,2019,Medicine,103,History,204.0,nan,A,1,Inactive,Full-time,Female,Other,Al Batinah,Area2,3.34,2022,No,Category3,1999-10-28,,No,Married,No,87.33,Yes
147,2017,Law,105,None,204.0,nan,A,1,Inactive,Part-time,Male,Oman,Al Batinah,Area4,3.48,2021,No,nan,1995-10-19,2020-05-30,No,Single,No,79.45,Yes
148,2015,Science,104,None,,nan,A,1,Inactive,Full-time,Male,Oman,Al Dakhiliyah,Area3,2.75,2023,No,Category1,1996-03-05,,Yes,Single,Yes,95.11,Yes
149,2016,Medicine,104,None,203.0,Math,None,1,Inactive,Part-time,Female,Oman,Dhofar,Area4,2.29,2021,No,Category1,1999-09-11,2021-05-30,No,Single,Yes,79.85,No
150,2015,Law,104,None,204.0,nan,B,1,Inactive,Full-time,Female,Other,Al Batinah,Area1,2.88,2023,Yes,nan,1995-07-20,,No,Single,Yes,98.91,Yes
151,2017,Medicine,104,International Law,202.0,None,nan,1,Inactive,Part-time,Male,Other,Al Dakhiliyah,Area3,2.02,2024,Yes,Category2,1998-07-29,2021-05-30,Yes,Married,Yes,92.43,Yes
152,2015,Science,104,History,205.0,Physics,B,1,Inactive,Part-time,Female,Oman,Al Dakhiliyah,Area1,3.11,2020,No,Category3,1996-09-22,2021-05-30,No,Married,Yes,93.82,No
153,2017,Law,105,Mechanical,201.0,None,B,1,Inactive,Full-time,Male,Oman,Al Dakhiliyah,Area4,1.78,2022,Yes,Category1,2000-04-18,,No,Single,Yes,93.75,Yes
154,2019,Arts,105,None,204.0,Chemistry,A,1,Inactive,Part-time,Male,Other,Dhofar,Area3,3.2,2023,Yes,Category1,1997-12-31,2020-05-30,No,Single,No,88.11,Yes
155,2019,Arts,103,Surgery,,nan,B,1,Inactive,Full-time,Female,Oman,Dhofar,Area4,3.63,2022,No,Category2,1998-06-03,2021-05-30,No,Married,Yes,74.11,No
156,2019,Law,102,Surgery,202.0,nan,C,1,Inactive,Full-time,Male,Oman,Dhofar,Area2,3.12,2024,No,Category3,1995-02-24,2020-05-30,No,Single,Yes,71.24,No
157,2018,Science,103,Surgery,201.0,nan,nan,1,Active,Full-time,Male,Other,Al Batinah,Area3,3.09,2024,No,nan,2000-07-11,,Yes,Single,Yes,71.39,Yes
158,2018,Medicine,105,Mechanical,202.0,Chemistry,A,1,Active,Full-time,Female,Oman,Al Dakhiliyah,Area3,2.33,2023,Yes,nan,1999-08-18,2020-05-30,Yes,Married,Yes,95.37,No
159,2018,Engineering,105,None,203.0,None,B,1,Active,Full-time,Male,Oman,Muscat,Area2,2.72,2022,Yes,nan,1998-11-14,,No,Married,No,85.97,Yes
160,2019,Law,101,Mechanical,201.0,Chemistry,nan,1,Active,Part-time,Female,Other,Al Buraimi,Area3,1.99,2020,Yes,nan,1998-07-01,,Yes,Married,Yes,72.43,Yes
161,2015,Engineering,102,History,201.0,Chemistry,None,1,Active,Part-time,Female,Oman,Al Buraimi,Area1,3.9,2023,Yes,Category1,1995-05-24,2020-05-30,No,Married,No,84.46,Yes
162,2016,Engineering,103,History,,None,A,1,Active,Part-time,Female,Oman,Muscat,Area2,2.23,2021,Yes,Category1,1995-07-24,,Yes,Single,No,99.22,No
163,2018,Arts,101,Mechanical,204.0,Physics,C,1,Active,Full-time,Female,Oman,Al Buraimi,Area1,3.89,2022,Yes,Category2,1998-07-30,2020-05-30,No,Married,Yes,88.18,No
164,2017,Arts,104,International Law,204.0,nan,A,1,Active,Full-time,Male,Other,Dhofar,Area4,3.61,2020,No,Category2,1999-08-19,2020-05-30,No,Married,No,74.93,Yes
165,2017,Arts,103,Surgery,203.0,None,nan,1,Active,Part-time,Female,Oman,Al Buraimi,Area4,2.58,2021,Yes,Category3,2000-03-20,,No,Married,Yes,99.18,Yes
166,2018,Science,102,Mechanical,203.0,nan,B,1,Active,Part-time,Female,Other,Dhofar,Area2,1.96,2023,No,Category1,2000-03-26,2020-05-30,No,Married,No,95.66,Yes
167,2017,Law,102,History,,nan,None,1,Inactive,Full-time,Female,Oman,Al Buraimi,Area3,1.54,2023,No,nan,1999-02-11,2021-05-30,No,Married,Yes,83.36,No
168,2015,Engineering,102,None,204.0,nan,A,1,Active,Full-time,Male,Oman,Al Batinah,Area3,2.92,2024,Yes,Category3,2000-10-07,,Yes,Married,Yes,94.75,No
169,2019,Arts,105,Biology,203.0,nan,None,1,Inactive,Part-time,Male,Other,Al Buraimi,Area3,2.07,2024,Yes,Category3,1998-11-27,2020-05-30,Yes,Married,No,78.35,No
170,2017,Engineering,102,Mechanical,,nan,C,1,Active,Full-time,Female,Oman,Muscat,Area4,1.94,2024,Yes,nan,1997-07-24,2021-05-30,Yes,Single,No,87.96,No
171,2018,Science,104,Biology,204.0,None,C,1,Active,Full-time,Male,Other,Al Buraimi,Area2,3.73,2023,No,Category3,1995-04-05,2021-05-30,No,Single,No,95.97,Yes
172,2016,Medicine,103,History,,None,B,1,Inactive,Part-time,Female,Oman,Al Buraimi,Area3,3.98,2023,Yes,Category3,1996-05-18,,Yes,Single,No,83.68,No
173,2015,Engineering,105,Biology,205.0,Math,C,1,Active,Full-time,Female,Other,Al Batinah,Area2,3.25,2021,No,nan,1999-08-27,,Yes,Married,Yes,76.52,No
174,2016,Arts,104,Mechanical,201.0,Physics,C,1,Inactive,Part-time,Male,Other,Dhofar,Area3,3.38,2020,No,Category2,1996-07-23,2021-05-30,No,Married,No,80.84,No
175,2018,Medicine,103,History,,nan,nan,1,Inactive,Full-time,Male,Oman,Al Batinah,Area1,2.63,2023,No,Category1,1996-08-10,2021-05-30,No,Married,Yes,79.04,No
176,2019,Law,105,Surgery,,Physics,B,1,Inactive,Full-time,Female,Oman,Al Batinah,Area4,3.5,2023,Yes,Category1,1995-01-22,,No,Single,No,82.21,Yes
177,2017,Engineering,105,Mechanical,203.0,Chemistry,C,1,Inactive,Part-time,Female,Other,Al Buraimi,Area3,1.82,2022,No,Category1,1996-01-17,2020-05-30,No,Single,No,90.76,Yes
178,2018,Arts,101,Surgery,205.0,Chemistry,None,1,Active,Part-time,Male,Oman,Al Dakhiliyah,Area4,3.28,2020,No,Category3,1995-09-23,2021-05-30,No,Married,No,92.38,Yes
179,2016,Arts,105,None,201.0,Math,A,1,Active,Full-time,Male,Other,Al Batinah,Area4,2.25,2023,Yes,nan,1998-08-21,,No,Married,Yes,77.23,No
180,2019,Law,102,Surgery,,Physics,C,1,Inactive,Full-time,Female,Oman,Al Dakhiliyah,Area4,3.38,2021,No,Category3,2000-04-03,2021-05-30,Yes,Single,Yes,74.64,Yes
181,2018,Medicine,103,Mechanical,203.0,None,A,1,Active,Full-time,Male,Other,Al Buraimi,Area4,2.42,2020,No,Category2,1998-05-09,2021-05-30,No,Married,No,74.59,Yes
182,2019,Engineering,103,None,,Physics,C,1,Active,Part-time,Male,Oman,Al Batinah,Area3,3.35,2022,Yes,nan,1998-11-02,,No,Single,Yes,96.33,Yes
183,2018,Arts,101,None,202.0,nan,C,1,Active,Part-time,Male,Other,Muscat,Area1,2.1,2021,No,Category2,1996-11-07,2020-05-30,No,Married,No,70.81,Yes
184,2017,Engineering,104,International Law,,nan,None,1,Inactive,Part-time,Female,Other,Al Dakhiliyah,Area1,2.83,2022,No,Category2,2000-08-12,,No,Single,Yes,96.4,No
185,2019,Law,104,History,202.0,None,B,1,Inactive,Part-time,Male,Oman,Al Buraimi,Area3,2.8,2022,No,Category2,1999-07-08,2020-05-30,No,Married,Yes,99.99,Yes
186,2016,Medicine,101,Surgery,204.0,None,C,1,Inactive,Part-time,Female,Oman,Al Batinah,Area4,3.91,2021,Yes,nan,1999-12-05,2020-05-30,Yes,Single,No,74.26,Yes
187,2019,Arts,105,Surgery,,Math,C,1,Inactive,Part-time,Female,Other,Muscat,Area2,3.16,2022,No,Category3,2000-11-26,2021-05-30,No,Married,Yes,88.11,Yes
188,2019,Arts,102,Mechanical,204.0,Math,A,1,Active,Full-time,Male,Other,Muscat,Area1,1.6,2024,Yes,Category1,1996-02-09,2020-05-30,Yes,Married,Yes,77.53,Yes
189,2018,Law,103,None,202.0,Chemistry,A,1,Active,Full-time,Female,Other,Al Buraimi,Area1,1.7,2021,No,Category1,1998-07-08,2020-05-30,No,Married,Yes,99.74,No
190,2019,Arts,103,History,,nan,C,1,Active,Part-time,Male,Other,Al Batinah,Area4,2.16,2023,Yes,Category3,1998-02-22,,Yes,Single,No,78.93,No
191,2019,Arts,103,Surgery,201.0,Physics,B,1,Inactive,Full-time,Female,Other,Al Batinah,Area3,2.15,2022,No,nan,1995-07-13,2020-05-30,No,Single,Yes,78.23,Yes
192,2018,Arts,104,International Law,204.0,None,B,1,Inactive,Full-time,Male,Other,Dhofar,Area3,3.12,2024,No,Category3,2000-10-28,2020-05-30,Yes,Single,No,74.96,Yes
193,2019,Engineering,104,History,204.0,Math,B,1,Inactive,Full-time,Female,Oman,Al Buraimi,Area3,3.66,2022,Yes,Category2,2000-07-03,2021-05-30,No,Single,No,91.04,Yes
194,2018,Medicine,101,History,,nan,B,1,Active,Full-time,Male,Oman,Al Buraimi,Area4,3.16,2022,Yes,Category2,1998-04-27,,No,Single,No,78.33,No
195,2018,Law,104,History,,Math,B,1,Active,Full-time,Female,Oman,Al Buraimi,Area2,3.03,2021,Yes,nan,1999-02-26,,No,Single,No,74.09,No
196,2019,Law,102,Biology,,Math,nan,1,Inactive,Part-time,Female,Oman,Al Buraimi,Area2,2.65,2020,Yes,Category3,2000-08-25,2021-05-30,Yes,Married,Yes,82.25,No
197,2015,Medicine,102,International Law,202.0,Physics,None,1,Active,Part-time,Female,Oman,Al Buraimi,Area2,2.35,2021,No,Category3,1997-01-09,,Yes,Single,Yes,92.31,No
198,2016,Arts,104,Biology,203.0,Chemistry,nan,1,Active,Full-time,Male,Oman,Al Dakhiliyah,Area1,3.86,2023,No,Category3,1996-03-23,2020-05-30,Yes,Single,Yes,89.51,Yes
199,2019,Law,103,None,201.0,nan,C,1,Inactive,Full-time,Female,Oman,Muscat,Area2,3.03,2020,No,nan,1997-01-15,,Yes,Married,Yes,84.01,No
200,2017,Law,104,Surgery,203.0,Math,C,1,Active,Part-time,Female,Other,Al Dakhiliyah,Area2,3.24,2020,No,Category2,1995-10-07,2020-05-30,No,Married,Yes,80.55,Yes
201,2018,Science,103,Biology,202.0,Physics,C,1,Active,Part-time,Female,Oman,Muscat,Area3,3.69,2022,Yes,nan,1995-01-30,,No,Married,Yes,75.7,Yes
202,2016,Law,104,Mechanical,204.0,Math,nan,1,Active,Part-time,Male,Other,Dhofar,Area4,3.99,2024,No,Category1,1998-09-29,,Yes,Married,Yes,93.81,Yes
203,2019,Arts,105,History,201.0,None,nan,1,Inactive,Part-time,Female,Oman,Al Buraimi,Area4,1.86,2020,No,Category2,1998-01-29,2020-05-30,No,Married,No,98.37,Yes
204,2017,Medicine,101,Mechanical,203.0,Physics,B,1,Inactive,Part-time,Male,Oman,Dhofar,Area1,2.68,2023,No,Category2,1996-07-16,2020-05-30,Yes,Married,No,79.54,No
205,2017,Medicine,105,International Law,201.0,Math,A,1,Active,Full-time,Male,Other,Al Buraimi,Area4,2.47,2024,Yes,nan,1998-01-23,2020-05-30,No,Married,No,75.95,No
206,2016,Law,104,International Law,203.0,Math,None,1,Active,Full-time,Female,Other,Al Dakhiliyah,Area4,3.64,2024,Yes,Category3,1995-05-23,,No,Married,Yes,97.56,No
207,2019,Arts,105,History,201.0,Physics,A,1,Inactive,Part-time,Male,Other,Al Batinah,Area2,1.92,2024,No,nan,1997-10-21,,No,Single,Yes,76.73,No
208,2016,Law,102,None,205.0,Physics,C,1,Inactive,Part-time,Male,Other,Al Buraimi,Area3,3.35,2022,No,nan,1998-11-26,2021-05-30,No,Single,Yes,98.3,Yes
209,2019,Law,105,History,203.0,Chemistry,None,1,Active,Full-time,Male,Other,Al Buraimi,Area2,3.79,2023,No,Category3,2000-07-21,2020-05-30,No,Married,No,95.88,No
210,2015,Engineering,103,None,202.0,nan,C,1,Active,Part-time,Female,Other,Al Batinah,Area4,2.61,2021,No,Category2,1995-12-29,2020-05-30,No,Single,Yes,97.82,Yes
211,2016,Engineering,102,History,204.0,Physics,B,1,Active,Part-time,Male,Oman,Al Buraimi,Area1,3.24,2022,No,nan,1997-12-03,2021-05-30,Yes,Married,No,84.01,Yes
212,2019,Arts,105,Mechanical,202.0,Physics,A,1,Active,Full-time,Female,Other,Al Buraimi,Area3,2.51,2020,Yes,nan,2000-04-04,2020-05-30,No,Married,Yes,77.8,Yes
213,2015,Arts,104,Mechanical,202.0,Math,A,1,Active,Full-time,Female,Other,Dhofar,Area2,3.19,2020,Yes,Category1,1998-08-29,,Yes,Single,Yes,91.28,Yes
214,2017,Law,103,None,203.0,nan,nan,1,Inactive,Part-time,Male,Oman,Al Dakhiliyah,Area1,3.09,2021,Yes,Category1,1995-07-03,,No,Married,Yes,90.29,Yes
215,2017,Engineering,105,Mechanical,202.0,Chemistry,A,1,Active,Full-time,Male,Other,Al Batinah,Area1,2.99,2023,No,nan,2000-05-04,2020-05-30,No,Single,No,80.04,No
216,2018,Engineering,104,None,,Physics,None,1,Active,Part-time,Female,Other,Al Batinah,Area2,1.65,2024,Yes,Category3,1998-06-21,2021-05-30,Yes,Married,No,80.71,No
217,2019,Law,104,International Law,202.0,nan,C,1,Active,Full-time,Female,Oman,Muscat,Area3,2.69,2022,Yes,Category1,1996-08-06,,No,Married,Yes,77.65,Yes
218,2016,Science,103,Biology,,None,A,1,Active,Part-time,Male,Other,Al Dakhiliyah,Area3,3.84,2024,No,nan,1996-04-15,,No,Married,Yes,88.89,Yes
219,2016,Science,103,International Law,,None,C,1,Active,Part-time,Female,Oman,Muscat,Area2,3.1,2024,No,Category3,1995-08-11,,Yes,Married,Yes,98.44,No
220,2018,Medicine,101,International Law,203.0,Chemistry,A,1,Active,Part-time,Female,Oman,Muscat,Area1,3.6,2024,No,Category3,2000-10-12,2020-05-30,No,Single,Yes,97.18,Yes
221,2019,Medicine,104,Surgery,202.0,Physics,A,1,Inactive,Part-time,Male,Oman,Muscat,Area3,2.68,2023,No,Category3,1998-01-30,,Yes,Married,No,75.66,Yes
222,2018,Science,102,None,205.0,Math,nan,1,Inactive,Part-time,Male,Other,Al Batinah,Area3,2.34,2020,Yes,Category3,1999-08-31,2020-05-30,Yes,Single,Yes,77.0,No
223,2019,Engineering,101,International Law,203.0,Physics,A,1,Inactive,Part-time,Male,Oman,Muscat,Area2,2.66,2023,No,Category2,1998-05-17,,No,Single,Yes,72.02,No
224,2018,Arts,101,History,201.0,nan,nan,1,Inactive,Full-time,Female,Other,Al Buraimi,Area1,3.82,2022,Yes,nan,2000-06-02,2021-05-30,Yes,Married,Yes,74.25,Yes
225,2016,Law,104,International Law,,Chemistry,C,1,Inactive,Full-time,Male,Oman,Al Buraimi,Area2,3.39,2020,No,nan,2000-05-29,2021-05-30,No,Single,Yes,71.82,Yes
226,2018,Medicine,105,International Law,204.0,Math,A,1,Inactive,Part-time,Male,Oman,Al Batinah,Area1,3.48,2023,No,Category2,1997-02-15,,No,Married,No,79.14,No
227,2015,Medicine,103,Biology,201.0,nan,C,1,Inactive,Full-time,Female,Other,Al Dakhiliyah,Area1,3.54,2020,No,Category1,2000-08-16,2020-05-30,No,Single,No,70.95,Yes
228,2015,Science,103,Mechanical,,Chemistry,nan,1,Active,Full-time,Female,Other,Muscat,Area1,2.9,2024,No,Category1,2000-09-03,,Yes,Single,No,91.04,Yes
229,2016,Engineering,104,Surgery,205.0,Math,C,1,Active,Part-time,Male,Oman,Al Batinah,Area1,3.0,2024,Yes,nan,1999-11-11,,No,Married,Yes,88.13,No
230,2017,Law,105,Surgery,203.0,None,nan,1,Active,Part-time,Male,Other,Muscat,Area3,2.69,2020,Yes,Category2,1995-01-30,2021-05-30,No,Married,No,78.72,No
231,2017,Engineering,103,Mechanical,205.0,None,C,1,Active,Part-time,Female,Other,Al Batinah,Area4,3.99,2023,No,Category1,1998-06-22,2020-05-30,No,Single,Yes,84.01,Yes
232,2018,Engineering,105,None,201.0,Math,nan,1,Active,Full-time,Female,Oman,Al Batinah,Area4,1.68,2020,No,nan,1998-05-19,,No,Single,No,81.78,No
233,2016,Science,104,Surgery,,Math,nan,1,Active,Part-time,Male,Other,Muscat,Area4,3.94,2022,Yes,Category1,2000-03-16,2021-05-30,No,Single,Yes,96.36,Yes
234,2017,Arts,101,Surgery,205.0,nan,nan,1,Inactive,Part-time,Female,Other,Dhofar,Area3,1.89,2024,No,Category1,1997-01-21,2020-05-30,Yes,Married,No,84.06,No
235,2018,Science,101,International Law,205.0,Chemistry,A,1,Inactive,Full-time,Male,Oman,Al Batinah,Area2,2.36,2021,Yes,nan,1996-11-01,,No,Married,Yes,74.3,Yes
236,2018,Arts,101,History,204.0,Physics,nan,1,Active,Full-time,Female,Oman,Al Batinah,Area2,2.82,2022,Yes,Category3,1996-06-04,2021-05-30,Yes,Single,No,99.44,Yes
237,2018,Science,102,Biology,,Physics,C,1,Active,Part-time,Female,Oman,Al Batinah,Area2,2.37,2024,No,Category2,1996-05-28,2021-05-30,No,Single,No,92.33,Yes
238,2017,Arts,104,History,203.0,Physics,C,1,Active,Part-time,Female,Oman,Dhofar,Area1,3.4,2020,Yes,Category3,2000-10-03,2021-05-30,No,Married,Yes,77.89,No
239,2016,Science,104,International Law,,Chemistry,A,1,Inactive,Part-time,Female,Other,Muscat,Area4,1.59,2024,Yes,Category3,1996-06-19,,No,Single,Yes,94.7,Yes
240,2019,Science,104,History,,Physics,A,1,Inactive,Part-time,Female,Other,Al Dakhiliyah,Area4,1.95,2020,Yes,Category3,2000-12-16,,No,Married,Yes,84.58,Yes
241,2017,Medicine,104,International Law,203.0,Physics,None,1,Inactive,Full-time,Female,Oman,Dhofar,Area4,2.32,2022,No,Category2,1999-04-14,2021-05-30,Yes,Single,No,98.1,No
242,2015,Medicine,105,History,201.0,None,B,1,Active,Full-time,Female,Oman,Al Buraimi,Area4,2.62,2021,No,nan,1998-11-04,2020-05-30,No,Single,Yes,88.59,No
243,2018,Science,105,History,,None,C,1,Inactive,Full-time,Female,Other,Dhofar,Area2,2.58,2024,Yes,nan,1999-10-22,2020-05-30,No,Married,Yes,75.87,Yes
244,2019,Medicine,104,Biology,201.0,None,B,1,Inactive,Full-time,Male,Oman,Dhofar,Area3,3.64,2021,No,Category3,1997-04-11,,Yes,Married,Yes,95.67,Yes
245,2019,Arts,102,Biology,203.0,Physics,nan,1,Active,Part-time,Female,Other,Al Buraimi,Area4,3.21,2024,Yes,Category1,1998-01-18,,No,Married,No,83.15,No
246,2015,Science,101,Surgery,203.0,Math,A,1,Inactive,Part-time,Male,Other,Al Dakhiliyah,Area4,3.18,2020,No,Category1,1999-06-08,2021-05-30,Yes,Single,Yes,98.6,Yes
247,2019,Arts,104,Surgery,204.0,nan,None,1,Active,Part-time,Male,Oman,Al Batinah,Area3,3.78,2024,No,Category3,1997-11-18,2020-05-30,Yes,Married,No,75.36,No
248,2017,Arts,101,Mechanical,,Physics,B,1,Active,Full-time,Male,Oman,Muscat,Area3,2.51,2021,No,Category3,1997-07-12,2021-05-30,Yes,Single,No,89.87,No
249,2017,Engineering,105,None,205.0,Chemistry,A,1,Active,Part-time,Female,Oman,Al Buraimi,Area4,3.43,2024,No,Category3,2000-08-17,,Yes,Married,No,95.13,No
250,2016,Science,101,Surgery,,Math,nan,1,Active,Full-time,Male,Other,Al Dakhiliyah,Area2,1.95,2022,No,Category2,1999-12-13,,Yes,Single,No,78.48,No
251,2016,Engineering,105,History,,Physics,B,1,Active,Part-time,Male,Oman,Al Buraimi,Area2,2.71,2020,No,Category1,1999-07-09,2021-05-30,Yes,Single,No,91.33,No
252,2018,Science,102,Mechanical,202.0,Math,C,1,Active,Full-time,Female,Other,Muscat,Area4,1.54,2023,Yes,Category2,1996-07-14,2020-05-30,Yes,Single,Yes,87.58,No
253,2015,Science,105,Surgery,203.0,None,None,1,Active,Full-time,Male,Oman,Dhofar,Area1,3.53,2024,Yes,Category3,1995-05-12,2021-05-30,No,Married,No,97.96,No
254,2015,Arts,105,International Law,201.0,Physics,C,1,Inactive,Full-time,Male,Other,Muscat,Area3,2.35,2021,Yes,Category3,1995-07-24,2020-05-30,Yes,Married,No,95.17,No
255,2019,Medicine,104,International Law,204.0,Physics,C,1,Active,Full-time,Male,Other,Al Batinah,Area2,2.95,2023,Yes,Category1,1998-06-29,2020-05-30,Yes,Single,Yes,83.34,No
256,2019,Law,105,History,204.0,None,None,1,Active,Part-time,Male,Oman,Al Dakhiliyah,Area4,3.24,2023,No,nan,1999-02-22,2021-05-30,No,Married,Yes,89.76,No
257,2016,Engineering,102,Mechanical,,Math,nan,1,Inactive,Part-time,Male,Other,Al Batinah,Area3,3.39,2023,No,Category2,1998-01-05,,No,Single,No,84.58,No
258,2016,Engineering,103,History,205.0,Math,None,1,Inactive,Full-time,Female,Oman,Al Buraimi,Area3,2.01,2023,No,Category2,1998-03-31,2021-05-30,Yes,Single,Yes,88.37,No
259,2018,Medicine,101,Surgery,,nan,None,1,Inactive,Part-time,Female,Oman,Al Dakhiliyah,Area2,2.38,2023,No,nan,1999-09-29,,No,Married,Yes,97.38,No
260,2016,Medicine,103,Mechanical,,Physics,C,1,Active,Part-time,Female,Other,Al Buraimi,Area3,3.09,2023,Yes,Category3,1995-10-21,2021-05-30,No,Married,No,85.17,No
261,2018,Arts,105,History,202.0,None,C,1,Active,Full-time,Male,Other,Dhofar,Area4,3.48,2021,Yes,Category2,1997-02-01,2021-05-30,No,Married,Yes,97.73,Yes
262,2018,Science,101,Mechanical,203.0,None,B,1,Active,Full-time,Male,Other,Al Dakhiliyah,Area4,2.06,2021,No,Category1,2000-02-16,2020-05-30,Yes,Single,No,94.12,Yes
263,2017,Engineering,101,Surgery,202.0,Chemistry,None,1,Active,Part-time,Male,Other,Al Dakhiliyah,Area1,2.03,2024,Yes,Category2,2000-03-22,2020-05-30,No,Single,No,97.72,No
264,2016,Science,103,None,,nan,C,1,Active,Part-time,Male,Other,Al Dakhiliyah,Area1,2.2,2020,No,nan,1996-07-05,2021-05-30,No,Single,Yes,99.7,Yes
265,2019,Law,103,History,202.0,Chemistry,B,1,Inactive,Part-time,Male,Other,Al Dakhiliyah,Area2,3.6,2021,Yes,Category3,1998-09-02,2021-05-30,Yes,Married,Yes,88.49,No
266,2015,Medicine,104,None,203.0,Chemistry,C,1,Inactive,Full-time,Female,Oman,Al Batinah,Area1,1.59,2020,No,nan,1999-09-27,2020-05-30,No,Single,Yes,71.59,No
267,2018,Medicine,101,Surgery,201.0,Chemistry,None,1,Active,Part-time,Female,Other,Muscat,Area3,3.52,2023,Yes,Category2,1999-01-23,2020-05-30,Yes,Single,Yes,83.81,No
268,2016,Arts,101,Biology,203.0,nan,C,1,Inactive,Part-time,Male,Oman,Dhofar,Area4,3.25,2024,No,Category1,1999-03-29,2021-05-30,No,Married,No,93.59,Yes
269,2016,Medicine,103,Surgery,205.0,nan,nan,1,Inactive,Part-time,Male,Other,Al Dakhiliyah,Area3,3.01,2023,No,nan,1997-12-13,2021-05-30,Yes,Single,No,80.31,Yes
270,2015,Science,102,Mechanical,204.0,Math,A,1,Active,Part-time,Male,Other,Dhofar,Area2,2.3,2023,No,Category3,1998-07-19,,Yes,Married,No,81.58,Yes
271,2019,Medicine,105,None,201.0,Physics,None,1,Inactive,Part-time,Male,Oman,Muscat,Area2,3.18,2023,Yes,Category2,1998-10-08,2020-05-30,No,Married,No,87.71,No
272,2015,Arts,105,Mechanical,201.0,Math,C,1,Active,Part-time,Female,Other,Al Dakhiliyah,Area3,1.79,2024,No,Category1,1999-01-19,,Yes,Single,No,97.6,No
273,2018,Science,101,History,205.0,None,None,1,Active,Part-time,Male,Oman,Muscat,Area4,3.94,2020,Yes,Category3,1996-09-17,2020-05-30,No,Married,No,95.69,Yes
274,2016,Arts,105,Surgery,203.0,nan,C,1,Inactive,Full-time,Female,Other,Dhofar,Area2,3.45,2024,Yes,Category1,1998-02-05,2020-05-30,Yes,Single,No,89.94,Yes
275,2018,Law,104,None,202.0,Chemistry,nan,1,Inactive,Part-time,Male,Other,Muscat,Area3,2.39,2022,No,Category3,2000-02-01,2021-05-30,No,Single,Yes,95.46,No
276,2017,Science,105,None,205.0,None,C,1,Inactive,Full-time,Male,Oman,Dhofar,Area3,3.85,2022,No,nan,2000-08-11,,Yes,Single,No,74.79,No
277,2016,Arts,105,Biology,,Physics,nan,1,Inactive,Part-time,Male,Other,Al Dakhiliyah,Area3,2.17,2022,Yes,Category2,1996-06-04,,Yes,Single,Yes,77.81,Yes
278,2015,Law,101,Mechanical,201.0,Chemistry,nan,1,Active,Full-time,Female,Other,Al Batinah,Area1,2.51,2020,Yes,Category1,1995-10-26,,No,Married,Yes,92.53,Yes
279,2019,Science,101,International Law,205.0,Math,C,1,Inactive,Full-time,Female,Other,Al Dakhiliyah,Area2,2.2,2020,Yes,nan,1997-09-24,2021-05-30,No,Single,Yes,87.65,Yes
280,2019,Arts,105,Surgery,203.0,nan,None,1,Active,Full-time,Male,Oman,Al Dakhiliyah,Area4,2.5,2021,No,nan,1996-10-22,,No,Single,Yes,96.42,No
281,2018,Science,102,Biology,203.0,Chemistry,A,1,Active,Full-time,Female,Other,Al Buraimi,Area2,1.58,2023,No,Category1,1999-11-16,2021-05-30,Yes,Single,Yes,79.04,Yes
282,2019,Arts,105,None,202.0,Math,B,1,Active,Part-time,Female,Oman,Dhofar,Area1,2.88,2024,Yes,Category3,1999-04-22,,Yes,Married,Yes,97.28,No
283,2016,Science,105,International Law,,Math,A,1,Active,Full-time,Female,Oman,Muscat,Area2,1.74,2023,Yes,nan,1999-11-15,2021-05-30,No,Single,No,70.89,No
284,2019,Arts,104,None,204.0,None,nan,1,Active,Full-time,Male,Other,Al Batinah,Area1,2.01,2024,Yes,Category3,1999-08-12,2021-05-30,No,Single,No,97.08,Yes
285,2016,Science,105,Mechanical,,Physics,nan,1,Inactive,Full-time,Male,Other,Al Buraimi,Area4,2.96,2024,No,nan,1995-08-06,,No,Single,Yes,89.56,Yes
286,2019,Science,102,Biology,204.0,nan,B,1,Active,Full-time,Female,Other,Al Buraimi,Area2,3.75,2022,Yes,Category2,1999-09-04,2020-05-30,No,Single,No,71.04,Yes
287,2019,Science,101,None,205.0,nan,None,1,Inactive,Part-time,Male,Oman,Al Buraimi,Area4,2.97,2024,No,Category2,1999-06-16,2021-05-30,No,Married,No,95.55,No
288,2018,Science,101,History,204.0,Chemistry,B,1,Inactive,Part-time,Male,Oman,Dhofar,Area2,3.09,2021,No,Category3,1996-11-06,2021-05-30,No,Married,No,93.5,Yes
289,2015,Law,104,None,201.0,Chemistry,None,1,Inactive,Part-time,Male,Other,Muscat,Area2,2.96,2020,No,Category1,1999-01-24,2020-05-30,Yes,Single,Yes,83.93,No
290,2016,Law,101,History,203.0,nan,nan,1,Inactive,Full-time,Male,Other,Al Batinah,Area3,1.86,2020,Yes,Category3,1998-01-18,2020-05-30,Yes,Married,Yes,79.66,No
291,2017,Law,102,Biology,201.0,None,B,1,Inactive,Full-time,Female,Other,Dhofar,Area3,2.91,2023,Yes,nan,1997-04-12,2021-05-30,No,Single,No,84.44,No
292,2018,Science,105,History,201.0,nan,A,1,Inactive,Full-time,Male,Other,Dhofar,Area2,2.76,2023,No,nan,1997-04-16,2020-05-30,Yes,Single,Yes,75.69,Yes
293,2015,Law,104,International Law,203.0,Math,C,1,Inactive,Full-time,Female,Other,Muscat,Area1,3.12,2024,Yes,Category3,1997-08-16,2021-05-30,No,Single,Yes,85.29,No
294,2015,Engineering,104,Mechanical,201.0,nan,A,1,Active,Full-time,Female,Oman,Dhofar,Area4,1.99,2020,No,nan,2000-03-27,2020-05-30,Yes,Married,No,75.55,Yes
295,2017,Law,103,History,202.0,Physics,None,1,Active,Full-time,Male,Other,Al Batinah,Area3,2.37,2020,Yes,Category2,1998-12-29,2021-05-30,No,Single,Yes,99.43,Yes
296,2018,Science,102,None,201.0,Physics,B,1,Inactive,Part-time,Male,Oman,Muscat,Area3,1.9,2023,Yes,Category1,1999-02-13,2021-05-30,Yes,Married,Yes,82.79,Yes
297,2017,Science,101,International Law,202.0,Chemistry,nan,1,Active,Part-time,Female,Other,Al Batinah,Area4,1.97,2024,Yes,Category3,1995-02-19,,No,Single,Yes,88.74,Yes
298,2017,Medicine,105,Mechanical,202.0,Math,None,1,Inactive,Part-time,Female,Other,Al Buraimi,Area2,1.61,2021,No,nan,2000-10-13,2021-05-30,Yes,Single,No,81.57,Yes
299,2016,Arts,103,International Law,203.0,Math,A,1,Active,Full-time,Female,Other,Dhofar,Area1,2.82,2020,Yes,Category3,1997-03-27,2020-05-30,Yes,Married,No,93.42,Yes
300,2016,Medicine,103,International Law,204.0,Math,C,1,Inactive,Full-time,Female,Other,Muscat,Area3,3.92,2024,Yes,Category2,1998-10-19,2020-05-30,Yes,Married,Yes,76.29,No
